Book title, Pages, Year, Size, Cover URL, Download URL,
Handbook of Medicinal Herbs,893 Pages,2006,7.72 MB,https://cdn.asaha.com/assets/thumbs/0a4/0a4d18c8aea6e359314e2c608bb0fa7b-s.jpg,https://pdfdrive.com/download.pdf?id=6646387&h=12dc7a59ffb2726edde00ea13dc92503&u=cache&ext=pdf,
The Complete Yoga Poses,1,132 Pages,2016,26.85 MB,https://cdn.asaha.com/assets/thumbs/8c7/8c763848a19615e858bee15ad828e858-s.jpg,https://pdfdrive.com/download.pdf?id=33413615&h=4f8a39e7df029f88fccc62efba3d77b5&u=cache&ext=pdf
Teaching Organic Farming & Gardening,704 Pages,2015,5.08 MB,https://cdn.asaha.com/assets/thumbs/420/4207d1b6ab712d05581cdcb0099656ba-s.jpg,http://casfs.ucsc.edu/about/publications/Teaching-Organic-Farming/PDF-downloads/TOFG-all.pdf,
Gardens Outdoor Fine Woodworking,97 Pages,2013,10.75 MB,https://cdn.asaha.com/assets/thumbs/d0b/d0b47697e1df5a9876ae5dcb9fae2998-s.jpg,http://www.finewoodworking.com/assets/downloads/FW_OUTDOOR_MEM_APR2014.pdf,
Growing Elite Marijuana,750 Pages,2010,36.78 MB,https://cdn.asaha.com/assets/thumbs/491/4910b357d2c9283be119d6d2b2e38310-s.jpg,https://pdfdrive.com/download.pdf?id=23769539&h=d64aed98330277fcf2afbb1f5a4af9cc&u=cache&ext=pdf,
Plant Biotechnology and Genetics: Principles, Techniques,416 Pages,2008,7.69 MB,https://cdn.asaha.com/assets/thumbs/fa5/fa5cc9e5eb3d06fafa84c12a07f929dc-s.jpg,http://site.iugaza.edu.ps/tbashiti/files/2010/02/1.PLANT-BIOTECHPrinciples-Techniques-and-Applications1.pdf
Vegetable Gardening for Dummies,393 Pages,2009,10.99 MB,https://cdn.asaha.com/assets/thumbs/28a/28a9264a24a47bc6638e7290d483c5ce-s.jpg,http://site.iugaza.edu.ps/tbashiti/files/2010/02/1.PLANT-BIOTECHPrinciples-Techniques-and-Applications1.pdf,
Dubai & Abu Dhabi 7,227 Pages,2013,13.23 MB,https://cdn.asaha.com/assets/thumbs/42b/42b8dc14656cf0c1b21d0b812962022c-s.jpg,https://pdfdrive.com/download.pdf?id=34802642&h=84716100acbe896cf5da8ce178acf72b&u=cache&ext=pdf,
India Rajasthan,97 Pages,2013,6.25 MB,https://cdn.asaha.com/assets/thumbs/478/47868f9eb27c03caf809037a64f749b1-s.jpg,https://pdfdrive.com/download.pdf?id=33633462&h=2ec95cb7b1213fb403dbb5e387091335&u=cache&ext=pdf,
Organic Gardening for Dummies,388 Pages,2009,6.03 MB,https://cdn.asaha.com/assets/thumbs/c4a/c4abad8afc9ee5631d6588e0420ba4d8-s.jpg,https://pdfdrive.com/download.pdf?id=33418788&h=49b2f19781f3c053139a57f24ce87b37&u=cache&ext=pdf,
Japanese gardens,434 Pages,2010,17.11 MB,https://cdn.asaha.com/assets/thumbs/1e9/1e978960d8f1fff04fb2731301a8d5bb-s.jpg,https://pdfdrive.com/download.pdf?id=28618150&h=6a906f270bcb64a1706f49eee020f858&u=cache&ext=pdf,
Morocco: Sleeping & Eating,802 Pages,2015,63.4 MB,https://cdn.asaha.com/assets/thumbs/182/182864176b1a134cb4a635d4fe9e3904-s.jpg,https://pdfdrive.com/download.pdf?id=34358607&h=d0def98ecb9172969c10362fc2db1f66&u=cache&ext=pdf,
Gardening Basics for..,433 Pages,2007,21.44 MB,https://cdn.asaha.com/assets/thumbs/aec/aec38d69ae018e05aed1a174d0febe10-s.jpg,https://pdfdrive.com/download.pdf?id=33672205&h=d9278e8e8de93dfd53bf12f65bac3b43&u=cache&ext=pdf,
Fundamentals Organic Farming Gardening,237 Pages,2009,2.26 MB,https://cdn.asaha.com/assets/thumbs/47f/47f4e84d64c03218cf4e198960e866b3-s.jpg,https://pdfdrive.com/download.pdf?id=894453&h=bdc2e3d5adfeb0995e402a6d0267a1b7&u=cache&ext=pdf,
Teaching Organic Farming and Gardening - Center for Agroecology ,620 Pages,2010,5.37 MB,https://cdn.asaha.com/assets/thumbs/1a1/1a1649c12a4444a1ad0d88978ef8f286-s.jpg,http://casfs.ucsc.edu/documents/Teaching%20Organic%20Farming/TOFG_complete.pdf,
Handbook of Plant and Crop Physiology,997 Pages,2002,8.54 MB,https://cdn.asaha.com/assets/thumbs/a63/a634a58b47decf89b6a70dda1cb9d550-s.jpg,http://frutvasf.univasf.edu.br/images/physiology.pdf,
MEDICINAL PLANTS in Folk Tradition,431 Pages,2007,23.68 MB,https://cdn.asaha.com/assets/thumbs/311/311971410f784dbb980cef4a77482513-s.jpg,https://pdfdrive.com/download.pdf?id=33432427&h=67d1e19e248eb1197e3dd15f601ebc2f&u=cache&ext=pdf,
Dictionary of Flowers And Plants For Gardening,160 Pages,2011,748 KB,https://cdn.asaha.com/assets/thumbs/f80/f807acea3c1461257b730f06814e33f6-s.jpg,http://www.ladyweb.com/DictionaryFlowersAndPlantsForGardening.pdf,
Lonely Planet Guide,80 Pages,2016,5.99 MB,https://cdn.asaha.com/assets/thumbs/da2/da21dc2822dbba462d0c55df46d402a3-s.jpg,https://pdfdrive.com/download.pdf?id=34376908&h=be920f2b42c1488e0d2322f4cb7d8256&u=cache&ext=pdf,
A Handbook of Native American Herbs,263 Pages,2016,3.84 MB,https://cdn.asaha.com/assets/thumbs/d58/d58b8e32cfe00efd9d531aff430e510b-s.jpg,https://www.joomag.com/Frontend/WebService/downloadPDF.php?UID=0184370001490029379,
Sri Lanka 13e 2015,339 Pages,2014,16.1 MB,https://cdn.asaha.com/assets/thumbs/d3b/d3b6ce9f9806fbc7ff8890910974c93a-s.jpg,https://pdfdrive.com/download.pdf?id=33460646&h=9c5f2046e514e60afd40b1851732f6ee&u=cache&ext=pdf,
permaculture,378 Pages,2011,13.34 MB,https://cdn.asaha.com/assets/thumbs/90f/90facf7e8fc384f4f1c6e78c5d2a534b-s.jpg,http://hautrive.free.fr/permaculture/Facilitators-Handbook-For-Permaculture.pdf,
House and Leisure,180 Pages,2015,36.54 MB,https://cdn.asaha.com/assets/thumbs/8da/8da358ae86a659d2652f206fc536d0d3-s.jpg,https://pdfdrive.com/download.pdf?id=27033471&h=4795476aa382ab3539f5fc22e83eb49e&u=cache&ext=pdf,
Adelaide & South Australia,100 Pages,2013,5.5 MB,https://cdn.asaha.com/assets/thumbs/f0f/f0fecf9d98b5b1cbbfd0d684248f4e18-s.jpg,https://pdfdrive.com/download.pdf?id=33720297&h=aaf4bc4d0b2986a6b1ab46690170035a&u=cache&ext=pdf,
Download Dive Guide to the Philippines,184 Pages,2016,4.06 MB,https://cdn.asaha.com/assets/thumbs/632/632017331b51adbc6ffd328caf968180-s.jpg,https://pdfdrive.com/download.pdf?id=21346612&h=aa6aca58196631e531da2bf777bad86f&u=cache&ext=pdf,
London For Dummies, 6th Edition,388 Pages,2010,13.55 MB,https://cdn.asaha.com/assets/thumbs/a1a/a1a5074f6e17a73d2f171326e86b534b-s.jpg,https://pdfdrive.com/download.pdf?id=19551265&h=d785dc9b9976c76f7add69b3ddf1157c&u=cache&ext=pdf
Lonely Planet Japanese Phrasebook.pdf,63 Pages,2002,5.34 MB,https://cdn.asaha.com/assets/thumbs/9b2/9b2f3df84604842379e112ca6f14f5d3-s.jpg,https://pdfdrive.com/download.pdf?id=18901006&h=100fe5e01d96a9b06fe76da0341bb2ce&u=cache&ext=pdf,
Ultimate-Travelist,390 Pages,2014,63.64 MB,https://cdn.asaha.com/assets/thumbs/709/70996dfc13cd7ae322e14b825fb79eaf-s.jpg,https://pdfdrive.com/download.pdf?id=34328327&h=c3c90ae77327cf39aa0cde2497db85b8&u=cache&ext=pdf,
The Rough Guide to Montenegro,220 Pages,2010,7.89 MB,https://cdn.asaha.com/assets/thumbs/b56/b568eadac2b4ac4a1ef68ead72725377-s.jpg,https://pdfdrive.com/download.pdf?id=32299217&h=6e93ca01004a11719881212d231301fd&u=cache&ext=pdf,
Gardening for Insects,235 Pages,2014,16.56 MB,https://cdn.asaha.com/assets/thumbs/2e5/2e5290936ac53dfd7f5ef54a02171b08-s.jpg,https://pdfdrive.com/download.pdf?id=14597185&h=cc26deeb21c717bcbfaf40c9e19c021c&u=cache&ext=pdf,
Greece Peloponnese,60 Pages,2015,2.58 MB,https://cdn.asaha.com/assets/thumbs/5fc/5fcdf4701386a323fc636e75a8cab0f4-s.jpg,http://media.sailthru.com/37s/1k0/5/n/57432e09dfcf4.pdf,
Vegetable Gardening Basics,141 Pages,2015,10.44 MB,https://cdn.asaha.com/assets/thumbs/c81/c81adca771e4c59f88ee791ef9a7d130-s.jpg,http://sandovalmastergardeners.org/wp-content/uploads/2015/03/Vegetable-Gardening-Basics-3-31-2015.pdf,
Explore Travel Guides Colombia,329 Pages,2013,3.49 MB,https://cdn.asaha.com/assets/thumbs/f2a/f2aeb64040d323111fbeda36c225f833-s.jpg,https://pdfdrive.com/download.pdf?id=13425786&h=3a82e668deb922c319d79e5b49d4fed8&u=cache&ext=pdf,
A Traveller's Guide to Making a Difference Around the World,143 Pages,2012,5.72 MB,https://cdn.asaha.com/assets/thumbs/84c/84c66a06d7a0d7c975326b7b6795e2e9-s.jpg,http://www.rcdpinternationalvolunteer.org/pdf/lonely%20planet%20-volunteer%20abroad%20guide.pdf,
Bangkok - Lonely Planet,29 Pages,2012,3.69 MB,https://cdn.asaha.com/assets/thumbs/50e/50e17ab2feef452fe6429de4069e1e55-s.jpg,http://media.lonelyplanet.com/shop/pdfs/bangkok-10-contents.pdf,
Home Gardens in Nepal,135 Pages,2007,1.4 MB,https://cdn.asaha.com/assets/thumbs/05f/05f69458edf7364ff773948799455420-s.jpg,http://www.bioversityinternational.org/uploads/tx_news/Home_Gardens_in_Nepal_1166.pdf,
Thailand,96 Pages,2011,3.72 MB,https://cdn.asaha.com/assets/thumbs/833/83300be5d429a8cccd08bd1743a3c670-s.jpg,http://patricklepetit.jalbum.net/PATHUM%20THANI/LIBRARY/thailand-14-bangkok-around.pdf,
Landscape Irrigation Products,274 Pages,2006,8.74 MB,https://cdn.asaha.com/assets/thumbs/a01/a016e26ebfc4c7400a753ae2e579dc97-s.jpg,https://pdfdrive.com/download.pdf?id=10255427&h=2483a87c6c8e1e317f0f69e755a7dd52&u=cache&ext=pdf,
[Lonely Planet] Pacific Northwest's Best Trips 2e 2013,371 Pages,2013,63.85 MB,https://cdn.asaha.com/assets/thumbs/9bc/9bc738bcc87ed68a8545ea0cb7f407e8-s.jpg,https://pdfdrive.com/download.pdf?id=34389763&h=122a46dc502cc6ca970e9c7ca31e54db&u=cache&ext=pdf,
Ecuador - Guía de Oro - Página Principal,227 Pages,2014,26.95 MB,https://cdn.asaha.com/assets/thumbs/678/6784491e6a83c4a24944dfbd02c364fb-s.jpg,https://pdfdrive.com/download.pdf?id=34131508&h=1a30fb952717f8b97e4ab11db38de736&u=cache&ext=pdf,
The Sudan Handbook,347 Pages,2012,4.33 MB,https://cdn.asaha.com/assets/thumbs/0cb/0cbdac848d16fd1e52a91db271f90eb3-s.jpg,http://johnryle.com/wp-content/uploads/2016/02/JR-Publications-Sudan-Handbook-1.pdf,
Africa 13 - Lonely Planet,80 Pages,2013,5.91 MB,https://cdn.asaha.com/assets/thumbs/ae7/ae734d00b678229bddbfd7e07cf511fc-s.jpg,http://media.lonelyplanet.com/shop/pdfs/africa-13-understand-preview.pdf,
Malaysia,104 Pages,2009,2.8 MB,https://cdn.asaha.com/assets/thumbs/ede/ede5d0479f69ab7115f182683af1b9da-s.jpg,http://www.backpackers.com.tw/forum/attachment.php?attachmentid=214882..,
The travel issue: San Diego,174 Pages,2011,41.45 MB,https://cdn.asaha.com/assets/thumbs/9af/9af97ca12215f22b5652920d6dfab352-s.jpg,https://pdfdrive.com/download.pdf?id=23162699&h=1fe610a83efed4fd04775cf34ed5c8bd&u=cache&ext=pdf,
california,387 Pages,2013,36.26 MB,https://cdn.asaha.com/assets/thumbs/65b/65b80682fe1510f84c8ae0f8b7d3bacb-s.jpg,https://pdfdrive.com/download.pdf?id=21896286&h=ba2c3b957f956fe2486fe9118429a864&u=cache&ext=pdf,
[Lonely Planet] New York & the Mid-Atlantic's Best Trips 2e 2014,355 Pages,2013,56.46 MB,https://cdn.asaha.com/assets/thumbs/101/101efd5f12be5f07dc54ae9fd5d8603b-s.jpg,https://pdfdrive.com/download.pdf?id=33532712&h=deaecd4999c65738d6156d41e1b5a1e7&u=cache&ext=pdf,
Choosing the Right Plants - University of Nevada, Reno,121 Pages,2016,11.81 MB,https://cdn.asaha.com/assets/thumbs/865/86501dfa8809a0c267b05aad7fc38924-s.jpg,https://pdfdrive.com/download.pdf?id=4623567&h=6eaa63f349e18c4776700aa85f074ba0&u=cache&ext=pdf
Misadventures in Far Away Places,142 Pages,2013,3.22 MB,https://cdn.asaha.com/assets/thumbs/de6/de62ecba5742655788b48528e08868a9-s.jpg,https://pdfdrive.com/download.pdf?id=23162699&h=1fe610a83efed4fd04775cf34ed5c8bd&u=cache&ext=pdf,
Understand & Survival - Lonely Planet,87 Pages,2011,4.26 MB,https://cdn.asaha.com/assets/thumbs/9d3/9d3a5fb82ea2f3995a6d4f8408ce67c0-s.jpg,http://media.lonelyplanet.com/shop/pdfs/greece-10-understand-survival.pdf,
Living Blue Planet Report,72 Pages,2015,7.79 MB,https://cdn.asaha.com/assets/thumbs/569/5697e128009e98a1431d557890e096dd-s.jpg,http://assets.worldwildlife.org/publications/817/files/original/Living_Blue_Planet_Report_2015_Final_LR.pdf?1442242821,
Roses For Canadians For Dummies,382 Pages,2009,14.98 MB,https://cdn.asaha.com/assets/thumbs/00a/00a2eb8e83fa18c33e53cb4b1b691978-s.jpg,https://pdfdrive.com/download.pdf?id=19519836&h=d9f4e52b0687fbae3b0bd0cf915cdf8d&u=cache&ext=pdf,
Chicago Travel Guide,42 Pages,2013,3.06 MB,https://cdn.asaha.com/assets/thumbs/d30/d30fa74105f1a635f0e1fc295f4a5f9c-s.jpg,http://media.lonelyplanet.com/shop/pdfs/chicago-7-contents.pdf,
Strategic Implications of China's Underground Great Wall,357 Pages,2011,46.07 MB,https://cdn.asaha.com/assets/thumbs/513/513b17b2f3d60a7aed1e9cb345375d42-s.jpg,http://www.ausairpower.net/PDF-A/Karber-PLA-UGF-2011.pdf,
The Journal of San Diego History,89 Pages,2007,3.5 MB,https://cdn.asaha.com/assets/thumbs/8a5/8a5a71456c790a26f0ebb96f7c610f9f-s.jpg,https://www.sandiegohistory.org/journal/v53-3/pdf/2007-3_complete.pdf,
Travels in a Tin Can,324 Pages,2007,1.05 MB,https://cdn.asaha.com/assets/thumbs/e89/e8944b4b2110d51d60cb8b4e4806f8f5-s.jpg,https://pdfdrive.com/download.pdf?id=635035&h=7849605f790f9d34932e59bc434e27a0&u=cache&ext=pdf,
To travel here is to encounter men wear,394 Pages,2012,16.6 MB,https://cdn.asaha.com/assets/thumbs/f62/f6267db742790fb786fbe7c955277ec9-s.jpg,https://vuonlen089.files.wordpress.com/2013/04/lonely-planet-myanmar-burma-11-edition.pdf,
Native Species Planting Guide for New York City,309 Pages,2014,3.35 MB,https://cdn.asaha.com/assets/thumbs/296/2961d023d6b6da61fbbd1bf48d3166b7-s.jpg,https://www.nycgovparks.org/pagefiles/76/nrg-native-species-planting-guide-091714.pdf,
